pass_id,pass_name,contact_no,age,discount_elgibility
P_21,Brittany Barrett,9997845835,34,Null
P_22,Tara Collins,9990924333,65,Null
P_23,Christina Greer,9990688982,9,25%
P_24,Bryan Huber,9996544149,27,Null
P_25,Ryan Mendoza,9992843615,47,10%
P_26,Erik Walker,9765435673,51,10%
P_27,Jon Smith,9999017338,34,Null
P_28,Patricia Little,9993767893,8,25%
P_29,Kathleen White,9996216971,46,Null
P_30,Monique Velasquez,9997820747,64,Null
P_31,Donna Ramirez,9995742896,72,10%
P_32,Randall Patterson,9991722496,66,10%
P_33,Aaron Wood,9990525511,47,Null
P_34,Terri Landry,9998498682,58,Null
P_35,Christopher Anderson,9991593354,61,Null
P_36,Michael Nixon,9998789714,31,Null
P_37,Benjamin George,9994544808,18,Null
P_38,Hailey Edwards,9992042600,36,Null
P_39,Amy Lawrence,9990111630,72,10%
P_40,Suzanne Castro,9998660253,77,10%
P_41,Shawn Brown,9998338215,11,25%
P_42,Lisa Smith,9990921912,6,25%
P_43,Benjamin Carter,9994938002,54,Null
P_44,Frances Johnson,9997800453,35,Null
P_45,Margaret Adams,9995501789,16,Null
P_46,Alexis Barnes,9997806966,30,Null
P_47,Thomas Brock,9992019177,12,25%
P_48,Amanda Waters,9999901691,56,Null
P_49,Alison Marshall,9994695989,50,Null
P_50,Michelle Hardy,9990127901,42,Null
P_51,Drew Gutierrez,9992844165,28,Null
P_52,Benjamin Murphy,9999375728,53,Null
P_53,Christina Oliver,9994714210,7,25%
P_54,Darryl Mills,9993594802,21,Null
P_55,Robert Martinez PhD,9995909968,14,Null
P_56,Alex Gray,9991897908,9,25%
P_57,Megan Davis,9996652195,37,Null
P_58,Sara Romero,9997550297,41,Null
P_59,Brandon Chang,9990731372,27,Null
P_60,Travis Warren,9991603576,10,25%
P_61,Shelley Christensen,9996736438,62,Null
P_62,Veronica Perez,9991385484,45,Null
P_63,Cynthia Stein,9999428597,29,Null
P_64,Tracy Cooper,9992702128,15,Null
P_65,Daniel Smith,9998018537,59,Null
P_66,Rachel Lopez,9991594972,51,Null
P_67,Jonathan Kirby,7028736182,55,Null
P_68,Angela Alexander,8201827365,42,Null
P_69,Alison Garcia,9284761519,13,Null
P_70,Patrick Mercado,9182756399,74,10%
