route_id,origin,destination,distance,time_taken,operating_days
r_001,Mumbai Central,Gandhinagar,548,5 Hours 40 Minutes,6 Days a week(except Sunday)
r_002,New Delhi,Himachal,412,6 Hours 10 Minutes,6 Days a week(except Thursday)
r_003,Secunderabad,Visakhapatnam,500,8 Hours 30 Minutes,once  a week(every Sunday)
r_004,Mumbai ,Sainagar Shirdi,248,5 Hours 20 Minutes,6 Days a week(except Tuesday)
r_005,Mumbai,Solapur,400,6 Hours 35 Minutes,6 Days a week(except Monday)
r_006,Bhopal,Delhi,700,7 Hours 45 Minutes,6 Days a week(except Saturday)
r_007,Lonavala,Ajmer,1062,10 Hours 45 Minutes,once a week(every Saturday)
r_008,Dharwad,Bengaluru,432,5 Hours,Monday and Saturday
r_009,Bhopal,Indore,246,3 Hours,Every day
r_010,Mumbai,Goa,588,6 Hours,Every day
r_011,Gandhinagar,Mumbai Central,548,5 Hours 40 Minutes,6 Days a week(except Sunday)
r_012,Himachal,New Delhi,412,6 Hours 10 Minutes,6 Days a week(except Thursday)
r_013,Visakhapatnam,Secunderabad,500,8 Hours 30 Minutes,once  a week(every Sunday)
r_014,Sainagar Shirdi,Mumbai ,248,5 Hours 20 Minutes,6 Days a week(except Tuesday)
r_015,Solapur,Mumbai,400,6 Hours 35 Minutes,6 Days a week(except Monday)
r_016,Delhi,Bhopal,700,7 Hours 45 Minutes,6 Days a week(except Saturday)
r_017,Ajmer,Lonavala,1062,10 Hours 45 Minutes,once a week(every Saturday)
r_018,Bengaluru,Dharwad,432,5 Hours,Monday and Saturday
r_019,Indore,Bhopal,246,3 Hours,Every day
r_020,Goa,Mumbai,588,6 Hours,Every day
