staff_id,staff_name,contact_no,city_of_residence
s_1001,Mahesh R. Kapadne,9786345218,Mumbai
s_1002, Ajay C.  Gupta,8695429742,Lucknow
s_1003,Sanjay D. Mehta,7389021563,Noida
s_1004,Mohammed W. Shaikh,8421538970,Goa
s_1005,Manoj V. Gaikwad,9143750764,Kolhapur
s_1006,Hari B. Jha,8213450921,Bhopal
s_1007,Nitin A. Kulkarni,9743789970,Pune
s_1008,Aditya G. Chaturvedi,7988823145,Vishakhapatnam
s_1009,Ganesh K. Reddiar,9111235571,Kerala
s_1010,Vilas H. Advani,7865332188,Ajmer
s_1011,Anil Y. Kumar,8882345610,Patna
s_1012,Kamlesh W. Wable,7695438919,Indore
s_1013,Abdul Q. Kazi,9845398876,New Delhi
s_1014,Harish I. Chawla,8355466177,Ahmadabad
s_1015,Nikhil R. Pandey,9172589911,Dharwad
s_1016,Arya E. Asaware,7123411233,Solapur
s_1017,Ramesh S. Patel,8799654321,Ahmadabad
s_1018,Suresh A. Reddy,7663398811,Bangolre
s_1019,Uday J. Agrawal,8651972654,Jaipur
s_1020,Bhanu D. Sharma,8765090860,Bhopal
