ticket_id,pass_id,pass_name,agent_id,seat_id,seat_status,route_id ,age,date,price,discount_elgibility
TC161,P_21,Brittany Barrett,TA_405,se_14,Confirmed,r_019,34,2023-09-27,800,Null
TC162,P_22,Tara Collins,TA_404,se_06,Confirmed,r_004,65,2023-09-20,1250,Null
TC163,P_23,Christina Greer,TA_490,se_20,Confirmed,r_005,9,2023-11-01,1125,25%
TC164,P_24,Bryan Huber,TA_403,se_03,Confirmed,r_012,27,2023-09-01,800,Null
TC165,P_25,Ryan Mendoza,TA_405,se_06,Confirmed,r_011,70,2023-09-11,1450,10%
TC166,P_26,Erik Walker,TA_405,se_19,Confirmed,r_011,68,2023-09-28,2200,10%
TC167,P_27,Jon Smith,TA_490,se_01,Confirmed,r_008,34,2023-10-10,1500,Null
TC168,P_28,Patricia Little,TA_403,se_17,Confirmed,r_008,8,2023-10-10,3500,25%
TC169,P_29,Kathleen White,TA_401,se_29,Confirmed,r_005,46,2023-09-21,1500,Null
TC170,P_30,Monique Velasquez,TA_408,se_18,Waiting,r_017,64,2023-11-07,2200,Null
TC171,P_31,Donna Ramirez,TA_404,se_15,Confirmed,r_011,72,2023-09-26,945,10%
TC172,P_32,Randall Patterson,TA_405,se_02,Confirmed,r_005,66,2023-09-07,1125,10%
TC173,P_33,Aaron Wood,TA_407,se_17,Waiting,r_001,47,2023-11-03,1500,Null
TC174,P_34,Terri Landry,TA_405,se_11,Confirmed,r_010,58,2023-09-10,3000,Null
TC175,P_35,Christopher Anderson,TA_402,se_16,Confirmed,r_012,61,2023-09-13,1500,Null
TC176,P_36,Michael Nixon,TA_409,se_08,Confirmed,r_004,31,2023-09-28,3000,Null
TC177,P_37,Benjamin George,TA_490,se_05,Confirmed,r_018,18,2023-10-10,1500,Null
TC178,P_38,Hailey Edwards,TA_404,se_04,Confirmed,r_015,36,2023-09-14,1250,Null
TC179,P_39,Amy Lawrence,TA_490,se_07,Confirmed,r_017,72,2023-10-10,3150,10%
TC180,P_40,Suzanne Castro,TA_490,se_05,Confirmed,r_006,77,2023-10-10,2250,10%
TC181,P_41,Shawn Brown,TA_490,se_20,Waiting,r_005,11,2023-09-06,1500,25%
TC182,P_42,Lisa Smith,TA_404,se_23,Confirmed,r_017,6,2023-09-09,2250,25%
TC183,P_43,Benjamin Carter,TA_406,se_26,Confirmed,r_014,54,2023-11-13,2200,Null
TC184,P_44,Frances Johnson,TA_404,se_20,Confirmed,r_002,35,2023-09-22,1250,Null
TC185,P_45,Margaret Adams,TA_405,se_01,Confirmed,r_002,16,2023-09-08,3000,Null
TC186,P_46,Alexis Barnes,TA_404,se_03,Confirmed,r_018,30,2023-09-21,800,Null
TC187,P_47,Thomas Brock,TA_402,se_04,Confirmed,r_017,12,2023-09-22,600,25%
TC188,P_48,Amanda Waters,TA_403,se_09,Confirmed,r_007,56,2023-10-30,3500,Null
TC189,P_49,Alison Marshall,TA_490,se_10,Waiting,r_016,50,2023-10-08,2200,Null
TC190,P_50,Michelle Hardy,TA_403,se_01,Confirmed,r_020,42,2023-11-23,800,Null
TC191,P_51,Drew Gutierrez,TA_409,se_24,Confirmed,r_001,28,2023-09-30,1050,Null
TC192,P_52,Benjamin Murphy,TA_404,se_17,Confirmed,r_005,53,2023-09-23,3500,Null
TC193,P_53,Christina Oliver,TA_404,se_25,Confirmed,r_019,7,2023-09-22,937.5,25%
TC194,P_54,Darryl Mills,TA_408,se_10,Confirmed,r_007,21,2023-09-09,1250,Null
TC195,P_55,Robert Martinez PhD,TA_490,se_10,Confirmed,r_010,14,2023-10-10,3000,Null
TC196,P_56,Alex Gray,TA_490,se_21,Confirmed,r_016,9,2023-11-01,600,25%
TC197,P_57,Megan Davis,TA_490,se_29,Confirmed,r_019,37,2023-11-17,800,Null
TC198,P_58,Sara Romero,TA_490,se_17,Confirmed,r_017,41,2023-09-12,1100,Null
TC199,P_59,Brandon Chang,TA_404,se_18,Confirmed,r_018,27,2023-09-24,2000,Null
TC200,P_60,Travis Warren,TA_490,se_09,Confirmed,r_008,10,2023-10-10,787.5,25%
TC201,P_61,Shelley Christensen,TA_405,se_26,Confirmed,r_004,62,2023-09-23,2000,Null
TC202,P_62,Veronica Perez,TA_490,se_15,Confirmed,r_015,45,2023-09-22,2000,Null
TC203,P_63,Cynthia Stein,TA_408,se_16,Confirmed,r_016,29,2023-09-07,2500,Null
TC204,P_64,Tracy Cooper,TA_405,se_07,Confirmed,r_002,15,2023-09-25,2500,Null
TC205,P_65,Daniel Smith,TA_401,se_03,Confirmed,r_003,59,2023-11-12,1050,Null
TC206,P_66,Rachel Lopez,TA_490,se_24,Confirmed,r_005,51,2023-09-15,2000,Null
TC207,P_67,Jonathan Kirby,TA_405,se_21,Confirmed,r_003,55,2023-09-04,1500,Null
TC208,P_68,Angela Alexander,TA_405,se_19,Confirmed,r_014,42,2023-09-11,2000,Null
TC209,P_69,Alison Garcia,TA_404,se_14,Confirmed,r_011,13,2023-09-06,1100,Null
TC210,P_70,Patrick Mercado,TA_404,se_04,Confirmed,r_001,74,2023-09-17,945,10%
TC211,P_21,Brittany Barrett,TA_405,se_14,Confirmed,r_019,34,2023-05-27,800,Null
TC212,P_61,Shelley Christensen,TA_405,se_26,Confirmed,r_004,62,2023-09-22,2000,Null
TC213,P_28,Patricia Little,TA_403,se_17,Confirmed,r_016,8,2023-10-11,3500,25%
TC214,P_61,Shelley Christensen,TA_405,se_26,Confirmed,r_004,62,2023-09-25,2000,Null
TC215,P_21,Brittany Barrett,TA_405,se_14,Confirmed,r_019,34,2023-09-20,800,Null
TC216,P_61,Shelley Christensen,TA_405,se_26,Confirmed,r_004,62,2023-09-03,2000,Null
TC217,P_28,Patricia Little,TA_403,se_17,Confirmed,r_016,8,2023-10-30,3500,25%
TC218,P_61,Shelley Christensen,TA_405,se_26,Confirmed,r_004,62,2023-09-13,2000,Null
TC219,P_38,Hailey Edwards,TA_404,se_04,Confirmed,r_015,36,2023-09-24,1250,Null
TC220,P_21,Brittany Barrett,TA_405,se_14,Confirmed,r_019,34,2023-09-17,800,Null
